in_date,out_date
2007-09-28,2007-11-02
2008-02-20,2008-05-27
2008-08-12,2008-09-04
2008-12-16,2009-01-19
2009-02-09,2009-06-15
2009-07-10,2009-10-28
2009-11-19,2010-01-26
2010-03-10,2010-05-03
2010-06-21,2010-07-16
2010-07-26,2010-08-12
2010-09-14,2010-10-13
2010-11-04,2011-02-14
2011-04-08,2011-05-30
2011-05-31,2011-06-15
2011-09-16,2011-11-22
2011-12-28,2012-04-09
2012-05-04,2012-05-16
2012-07-02,2012-07-17
2012-08-08,2012-10-17
2012-11-13,2013-03-20
2013-04-19,2013-06-06
2013-07-12,2013-07-22
2013-09-03,2013-11-13
2013-12-12,2013-12-18
2013-12-27,2014-02-06
2014-02-13,2014-07-22
2014-08-27,2014-09-22
2014-10-29,2014-12-17
2015-01-16,2015-03-27
2015-09-14,2015-12-15
2015-12-17,2016-01-06
2016-02-01,2016-04-20
2016-05-27,2016-11-04
2016-12-12,2016-12-26
2017-01-06,2017-01-17
2017-01-23,2017-04-17
2017-05-08,2017-07-10
2017-08-01,2017-08-18
2017-09-08,2017-11-30
2018-01-04,2018-02-08
2018-03-16,2018-04-09
2018-06-06,2018-06-25
2018-07-20,2018-08-20
2018-09-11,2018-10-04
2018-12-03,2019-01-02
2019-01-22,2019-05-14
2019-06-21,2019-08-12
2019-09-04,2020-01-31
2020-04-17,2020-09-28
2020-10-08,2020-11-02
2020-11-04,2021-03-08
2021-04-07,2021-05-06
2021-06-02,2021-07-27
2021-08-04,2021-08-16
2021-08-30,2021-09-29
2021-10-25,2022-02-08
2022-05-31,2022-06-20
2022-07-27,2022-08-30
2022-11-11,2022-12-21
2023-01-16,2023-04-17
2023-05-19,2023-07-24
2023-09-05,2023-09-26
2023-10-12,2024-01-17
2024-01-23,2024-04-22
2024-05-17,2024-07-26
2024-08-26,2024-09-18
2024-09-23,2024-11-18
2024-12-13,2025-02-25
2025-05-06,2025-11-19
2025-12-17,2026-03-24
2026-04-14,2026-05-28
