date,open,high,low,close,volume,mtm_hist,macd_hist
2002-02-22,5.26,5.47,4.89,4.92,79587,,
2002-03-07,4.94,5.13,4.73,4.97,67409,,
2002-03-19,5.02,5.29,4.76,4.79,72161,,
2002-03-29,4.79,5.21,4.76,4.92,109271,,
2002-04-11,4.86,5.29,4.84,5.0,111351,,
2002-04-23,4.94,6.1,4.92,5.76,364535,,
2002-05-06,5.84,6.18,5.07,5.1,277633,,
2002-05-16,5.05,5.63,5.0,5.52,187923,,
2002-05-28,5.57,5.68,5.1,5.44,144168,,
2002-06-07,5.39,5.73,5.34,5.42,109194,,
2002-06-19,5.42,6.42,5.42,6.07,476812,,
2002-07-01,6.15,6.47,5.65,5.97,314016,,
2002-07-11,5.92,6.26,5.68,5.86,229713,,
2002-07-23,5.89,6.1,5.07,5.42,160892,,
2002-08-02,5.43,5.69,5.08,5.54,341167,,
2002-08-14,5.22,5.86,5.17,5.57,213158,,
2002-08-26,5.66,5.66,5.17,5.17,142856,,
2002-09-05,5.17,5.28,4.44,4.5,148576,,
2002-09-18,4.56,4.79,4.5,4.5,116661,0.256861,
2002-09-30,4.56,4.59,4.05,4.24,215714,0.242769,
2002-10-11,4.18,4.44,4.09,4.24,154045,0.22978,0.21947
2002-10-23,4.27,4.79,4.21,4.79,325914,0.20265,0.204256
2002-11-04,4.85,5.05,4.5,4.88,501033,0.16678,0.187461
2002-11-14,4.88,5.2,4.76,5.08,752883,0.116473,0.166637
2002-11-26,5.17,5.43,4.73,4.73,707381,0.0861,0.157509
2002-12-06,4.73,4.82,4.47,4.59,273393,0.059498,0.152246
2002-12-18,4.67,4.99,4.53,4.67,422941,0.037175,0.144257
2002-12-30,4.64,5.14,4.64,4.88,863305,0.02844,0.130691
2003-01-10,4.91,5.37,4.82,5.11,932433,0.01819,0.112262
2003-01-22,5.11,5.52,5.02,5.52,796394,0.005436,0.085315
2003-02-11,5.63,6.18,5.28,5.34,1431051,-0.007851,0.067601
2003-02-21,5.28,5.46,4.96,4.99,404395,-0.012155,0.062027
2003-03-06,5.05,5.08,4.79,4.85,208747,-0.009702,0.060636
2003-03-18,4.82,4.93,4.56,4.82,214479,-0.002004,0.059674
2003-03-28,4.82,4.88,4.64,4.67,137107,0.012589,0.062274
2003-04-09,4.64,4.96,4.47,4.91,245054,0.026761,0.057277
2003-04-21,4.91,5.14,4.88,5.11,255943,0.027199,0.047309
2003-05-02,5.11,5.11,4.44,4.59,336093,0.030912,0.05271
2003-05-14,4.59,4.7,4.5,4.64,204522,0.028304,0.055142
2003-05-26,4.64,4.7,4.44,4.7,173332,0.023625,0.054899
2003-06-06,4.7,4.93,4.64,4.82,265545,0.013291,0.050909
2003-06-18,4.82,4.99,4.76,4.88,310805,0.009879,0.045559
2003-06-30,4.91,4.99,4.73,4.73,239418,0.015541,0.044791
2003-07-10,4.76,5.2,4.76,5.02,422079,-7.2e-05,0.035942
2003-07-22,4.96,5.02,4.79,4.85,209217,-0.005983,0.033005
2003-08-01,4.88,4.99,4.76,4.79,242705,-0.007206,0.0319
2003-08-13,4.86,4.95,4.73,4.95,154641,-0.008861,0.026395
2003-08-25,4.95,5.2,4.89,5.07,277272,-0.01126,0.018488
2003-09-04,5.1,5.54,5.01,5.32,530728,-0.02223,0.005263
2003-09-17,5.32,5.48,5.14,5.32,375732,-0.022631,-0.005401
2003-09-29,5.38,5.66,5.35,5.48,636639,-0.030236,-0.018176
2003-10-09,5.48,6.19,5.32,6.06,891848,-0.050186,-0.043736
2003-10-22,6.06,6.62,6.03,6.4,1049511,-0.067527,-0.072863
2003-11-03,6.31,6.71,6.16,6.62,754776,-0.080687,-0.101329
2003-11-13,6.62,6.65,5.94,6.13,615020,-0.070546,-0.109978
2003-11-25,6.09,6.37,5.97,6.22,417964,-0.063766,-0.118145
2003-12-05,6.25,6.37,6.19,6.28,315236,-0.055024,-0.125038
2003-12-17,6.25,6.53,6.22,6.37,459697,-0.035803,-0.131635
2003-12-29,6.34,6.5,6.25,6.28,226262,-0.010983,-0.133113
2004-01-09,6.31,6.87,6.25,6.59,623063,0.004864,-0.141164
2004-01-29,6.56,7.15,6.56,6.68,657913,0.002258,-0.148518
2004-02-10,6.68,7.02,6.47,6.99,541982,-0.004895,-0.161118
2004-02-20,7.02,7.55,6.93,7.21,1241197,-0.013698,-0.175384
2004-03-03,7.27,8.01,7.27,7.8,890142,-0.031564,-0.200726
2004-03-15,7.8,7.98,7.05,7.08,781065,-0.028574,-0.199657
2004-03-25,6.99,7.12,6.37,6.81,1010940,-0.011948,-0.189444
2004-04-06,6.84,7.15,6.68,6.99,480921,-0.001931,-0.184039
2004-04-16,7.02,7.49,6.96,7.15,498966,0.008841,-0.182013
2004-04-28,7.18,7.36,7.02,7.21,486551,0.020135,-0.180045
2004-05-10,7.15,7.15,6.44,6.65,499240,0.055103,-0.161568
2004-05-20,6.68,7.02,6.34,6.87,441181,0.056388,-0.150901
2004-06-01,6.87,6.96,6.68,6.78,264725,0.051677,-0.138324
2004-06-11,6.71,7.12,6.34,6.87,394200,0.049225,-0.129163
2004-06-24,6.96,6.99,6.44,6.93,297113,0.048682,-0.122038
2004-07-06,6.9,6.99,6.59,6.81,160320,0.051421,-0.111808
2004-07-16,6.78,6.99,6.65,6.65,223314,0.042629,-0.098129
2004-07-28,6.65,6.78,6.31,6.53,191271,0.04343,-0.082898
2004-08-09,6.53,6.62,6.08,6.22,217967,0.048205,-0.061505
2004-08-19,6.22,6.49,6.12,6.45,192513,0.047136,-0.049837
2004-09-02,6.45,7.12,6.42,7.09,334865,0.03144,-0.057057
2004-09-14,7.12,7.32,7.02,7.25,280921,0.012813,-0.066516
2004-09-24,7.22,7.25,6.79,6.95,226066,0.002537,-0.065371
2004-10-07,6.95,7.52,6.92,7.52,416775,-0.021293,-0.078994
2004-10-19,7.52,7.59,7.12,7.29,274340,-0.039711,-0.082927
2004-11-01,7.29,7.59,7.22,7.45,308279,-0.050256,-0.089473
2004-11-11,7.45,7.72,7.39,7.49,383350,-0.042305,-0.094836
2004-11-23,7.52,7.66,7.22,7.25,284849,-0.026094,-0.091707
2004-12-03,7.25,7.32,6.85,7.09,302058,-0.017228,-0.083938
2004-12-15,7.02,7.22,6.89,7.05,261795,0.00404,-0.075739
2004-12-27,7.09,7.19,6.99,7.15,128737,0.011277,-0.071026
2005-01-06,7.15,7.35,7.09,7.15,206986,0.019988,-0.066485
2005-01-18,7.15,7.19,6.92,6.99,153778,0.030496,-0.057854
2005-01-28,7.02,7.09,6.72,6.82,192238,0.035609,-0.045767
2005-02-17,6.85,7.19,6.85,7.02,243537,0.029842,-0.040929
2005-03-02,7.02,7.12,6.89,7.05,254732,0.023345,-0.037413
2005-03-14,7.05,7.14,6.99,7.04,216441,0.020768,-0.033925
2005-03-24,7.04,7.05,6.87,6.87,200590,0.02248,-0.026219
2005-04-06,6.89,6.94,6.62,6.75,133447,0.022216,-0.016549
2005-04-18,6.79,6.79,6.23,6.32,261523,0.027688,0.002883
2005-04-28,6.32,6.72,6.22,6.72,179753,0.026176,0.007743
2005-05-11,6.69,6.95,6.55,6.94,171748,0.019949,0.005677
2005-05-23,6.94,7.07,6.8,6.82,155511,0.017645,0.007167
2005-06-02,6.82,7.02,6.79,6.92,121308,0.009151,0.005612
2005-06-14,6.94,7.05,6.85,7.0,117564,-0.001897,0.002166
2005-06-24,7.02,7.05,6.85,7.0,128784,-0.01998,-0.000622
2005-07-06,7.02,7.12,6.84,6.85,159996,-0.019326,0.00116
2005-07-19,6.84,7.1,6.82,7.09,139544,-0.018875,-0.003841
2005-07-29,7.12,7.35,6.95,7.17,246595,-0.022866,-0.00995
2005-08-11,7.19,7.24,7.02,7.07,160539,-0.020409,-0.012071
2005-08-23,7.09,7.25,7.02,7.2,230435,-0.01936,-0.017118
2005-09-05,7.2,7.35,7.15,7.32,317805,-0.021006,-0.024192
2005-09-15,7.3,7.45,7.25,7.37,308701,-0.026444,-0.030945
2005-09-27,7.37,7.39,7.24,7.35,285015,-0.023508,-0.035496
2005-10-07,7.35,7.64,7.17,7.22,273388,-0.015851,-0.035291
2005-10-20,7.24,7.66,7.24,7.66,282691,-0.022861,-0.046514
2005-11-01,7.57,7.96,7.55,7.94,324807,-0.030896,-0.062505
2005-11-11,7.94,8.27,7.84,8.27,296318,-0.040899,-0.083487
2005-11-23,8.12,8.34,8.0,8.16,220784,-0.043261,-0.096484
2005-12-05,8.09,8.11,7.53,7.69,148493,-0.033204,-0.09331
2005-12-15,7.58,8.05,7.48,7.96,255284,-0.034754,-0.096986
2005-12-27,7.96,8.21,7.62,7.75,198776,-0.019557,-0.093282
2006-01-06,7.73,7.85,7.55,7.84,142034,-0.003713,-0.09172
2006-01-18,7.84,8.02,7.57,7.58,119214,0.021741,-0.082534
2006-02-07,7.58,7.8,7.42,7.75,155457,0.032738,-0.078828
2006-02-17,7.75,8.9,7.66,8.48,832495,0.011241,-0.094531
2006-03-02,8.46,8.93,8.43,8.86,798442,-0.007,-0.116277
2006-03-14,8.84,8.84,8.09,8.29,211264,-0.011291,-0.117235
2006-03-24,8.34,8.41,8.09,8.39,171805,-0.014325,-0.119424
2006-04-06,8.45,8.81,8.36,8.66,183272,-0.028771,-0.127122
2006-04-18,8.63,8.79,8.37,8.7,116427,-0.035309,-0.133007
2006-04-28,8.72,9.11,8.46,8.95,149157,-0.027709,-0.142989
2006-05-11,8.81,9.27,8.68,8.93,173902,-0.012098,-0.148932
2006-05-23,8.73,8.82,7.93,8.12,130273,0.005056,-0.130449
2006-06-05,8.25,8.7,8.11,8.12,129839,0.019569,-0.114227
2006-06-15,8.12,8.36,7.73,8.18,148851,0.034469,-0.101598
2006-06-27,8.34,8.55,8.09,8.39,122204,0.040244,-0.095996
2006-07-07,8.36,8.7,8.23,8.5,93821,0.046744,-0.093417
2006-07-19,8.48,8.72,8.2,8.27,121972,0.055274,-0.084199
2006-07-31,8.45,8.5,8.07,8.45,102229,0.03648,-0.080717
2006-08-10,8.45,8.7,8.28,8.64,57325,0.017663,-0.082142
2006-08-22,8.66,8.7,8.1,8.41,62099,0.010706,-0.076256
2006-09-01,8.39,8.59,8.1,8.45,62520,0.00953,-0.071789
2006-09-13,8.57,8.63,8.22,8.32,69651,0.014177,-0.063961
2006-09-25,8.32,9.11,8.3,9.11,87034,-0.007127,-0.078122
2006-10-05,9.11,9.28,8.72,9.11,120112,-0.017889,-0.088645
2006-10-19,9.03,9.18,8.84,8.86,64333,-0.014673,-0.089454
2006-10-31,8.82,9.09,8.72,9.05,98583,-0.022027,-0.094226
2006-11-10,9.11,9.45,8.9,9.17,75279,-0.028661,-0.100254
2006-11-22,9.09,9.44,8.88,9.11,63859,-0.034383,-0.102413
2006-12-04,9.13,9.65,9.09,9.57,118766,-0.029794,-0.11535
2006-12-14,9.63,9.63,9.03,9.15,109338,-0.015807,-0.113263
2006-12-26,9.17,9.4,9.17,9.3,98963,-0.014964,-0.114388
2007-01-08,9.26,9.53,8.88,8.9,143813,4.2e-05,-0.103372
2007-01-18,8.91,9.03,8.41,8.72,185050,0.017902,-0.088617
2007-01-30,8.76,9.11,8.51,8.55,112232,0.032853,-0.071288
2007-02-09,8.55,8.91,8.47,8.78,108866,0.048226,-0.062776
2007-03-03,8.78,8.78,8.22,8.26,175837,0.060439,-0.041372
2007-03-14,8.22,8.22,7.74,7.8,193811,0.082247,-0.011462
2007-03-26,7.8,8.43,7.8,8.32,180012,0.073962,-0.001251
2007-04-09,8.32,8.66,8.22,8.61,111751,0.055092,-0.0008
2007-04-18,8.63,8.63,8.41,8.49,140732,0.039112,0.002778
2007-04-30,8.45,8.45,8.14,8.2,213546,0.039147,0.013372
2007-05-11,8.2,8.24,8.03,8.03,114537,0.029906,0.026273
2007-05-23,8.1,8.24,8.01,8.16,124315,0.008546,0.032864
2007-06-04,8.16,8.22,7.72,8.03,151286,0.008562,0.041276
2007-06-14,8.03,8.26,7.89,8.22,186128,0.01075,0.042502
2007-06-27,8.22,8.78,8.22,8.53,241687,0.001819,0.034741
2007-07-09,8.53,8.8,8.49,8.8,142148,-0.017937,0.020926
2007-07-19,8.8,9.26,8.72,9.01,156757,-0.040669,0.004005
2007-07-31,9.01,9.26,8.61,8.91,201965,-0.050461,-0.006937
2007-08-10,8.76,8.86,8.03,8.07,354058,-0.03935,0.00682
2007-08-22,8.18,8.32,7.87,8.07,167323,-0.025952,0.017782
2007-09-03,8.28,8.49,8.07,8.32,116461,-0.014336,0.019701
2007-09-13,8.36,8.49,8.16,8.43,103227,-0.001888,0.018088
2007-09-28,8.47,8.63,8.24,8.53,192213,0.009667,0.013927
2007-10-09,8.53,8.99,8.49,8.78,158121,0.009358,0.003756
2007-10-22,8.9,8.9,8.34,8.57,143254,-0.006086,0.001172
2007-11-01,8.63,8.84,8.49,8.7,113826,-0.020068,-0.004389
2007-11-13,8.61,8.65,8.03,8.05,199996,-0.008148,0.008576
2007-11-23,8.24,8.41,8.03,8.16,124225,0.00056,0.015944
2007-12-05,8.2,8.36,8.16,8.28,106358,0.00629,0.018475
2007-12-17,8.41,8.53,8.2,8.28,253651,0.016186,0.020307
2007-12-27,8.28,8.32,8.14,8.28,119702,0.017869,0.02156
2008-01-09,8.28,8.36,8.05,8.32,113344,0.020788,0.021264
2008-01-21,8.32,9.19,8.24,9.03,318031,-0.010002,0.001816
2008-01-31,8.41,8.7,8.32,8.7,147249,-0.021281,-0.00498
2008-02-20,8.74,9.09,8.57,8.7,124942,-0.025974,-0.010378
2008-03-04,8.82,9.38,8.74,9.32,169127,-0.043469,-0.031175
2008-03-14,9.21,9.71,9.21,9.4,172829,-0.056835,-0.049662
2008-03-26,9.28,10.52,9.13,10.31,355545,-0.085744,-0.088292
2008-04-08,10.27,10.29,9.65,9.94,280813,-0.078637,-0.108441
2008-04-18,9.88,11.39,9.88,11.18,251604,-0.109069,-0.156599
2008-04-30,11.18,11.32,10.81,11.1,218641,-0.126305,-0.191414
2008-05-13,11.18,11.28,10.31,10.77,130898,-0.11299,-0.20847
2008-05-23,10.72,11.1,10.04,10.17,190953,-0.084598,-0.203879
2008-06-04,10.12,10.25,9.85,10.06,125516,-0.038019,-0.195075
2008-06-16,9.98,10.14,9.32,9.61,130422,-0.001938,-0.173894
2008-06-26,9.69,10.0,9.4,9.9,152392,0.0465,-0.162798
2008-07-08,9.21,9.94,8.36,8.53,241259,0.110705,-0.115526
2008-07-18,8.59,8.72,8.07,8.14,204905,0.155359,-0.065943
2008-07-31,8.36,9.23,8.28,8.59,130043,0.158555,-0.037498
2008-08-12,8.51,8.78,8.42,8.62,150065,0.15373,-0.015082
2008-08-22,8.62,8.79,8.2,8.42,140424,0.140671,0.008408
2008-09-03,8.46,8.79,8.06,8.15,91966,0.141327,0.034379
2008-09-15,8.11,8.35,7.25,7.56,120745,0.119859,0.070619
2008-09-25,7.03,7.36,6.41,6.54,280446,0.116671,0.126207
2008-10-08,6.57,6.59,5.33,5.33,273543,0.15114,0.201798
2008-10-21,5.2,5.35,4.32,4.37,359062,0.195733,0.285944
2008-10-31,4.25,4.43,3.45,4.03,466193,0.226259,0.359473
2008-11-12,4.16,4.91,4.01,4.37,476960,0.228152,0.405517
2008-11-24,4.1,4.36,3.73,4.03,150302,0.218119,0.447206
2008-12-04,4.19,4.91,4.14,4.52,220095,0.169808,0.462761
2008-12-16,4.52,5.09,4.45,5.02,229192,0.090542,0.45692
2008-12-26,5.13,5.16,4.54,4.76,124028,0.015101,0.4543
2009-01-09,4.76,5.31,4.54,4.61,137976,-0.043668,0.45135
2009-01-19,4.54,4.85,4.27,4.41,129364,-0.07175,0.449504
2009-02-09,4.38,4.85,4.12,4.63,129350,-0.103433,0.437334
2009-02-19,4.74,4.8,4.24,4.27,159828,-0.103363,0.432519
2009-03-03,4.26,4.5,3.79,3.97,165317,-0.081805,0.432053
2009-03-13,4.03,4.61,3.88,4.58,144083,-0.085172,0.410748
2009-03-25,4.63,5.38,4.54,5.35,222931,-0.107454,0.368678
2009-04-06,5.35,6.46,5.13,6.46,322216,-0.152002,0.301309
2009-04-16,6.41,6.96,5.99,6.87,324249,-0.184727,0.233084
2009-04-28,6.85,6.85,5.42,5.44,387122,-0.178227,0.214101
2009-05-11,5.51,6.9,5.46,6.79,534799,-0.208627,0.160488
2009-05-21,6.61,7.21,6.13,7.21,398573,-0.22085,0.104537
2009-06-04,7.05,7.47,6.52,6.65,441794,-0.192655,0.073511
2009-06-15,6.7,6.81,6.21,6.32,246526,-0.133644,0.056662
2009-06-25,6.32,6.74,5.86,6.61,266872,-0.085453,0.034786
2009-07-07,6.76,7.62,6.48,7.32,356796,-0.09995,-0.002118
2009-07-17,7.21,7.49,6.65,7.25,264766,-0.074115,-0.029825
2009-07-29,7.32,7.98,7.21,7.73,297495,-0.055325,-0.064565
2009-08-11,7.82,8.14,7.51,7.94,207792,-0.05892,-0.097356
2009-08-21,7.91,8.02,7.15,7.22,148602,-0.050799,-0.103367
2009-09-02,7.33,7.73,7.24,7.64,161591,-0.046885,-0.118312
2009-09-14,7.64,8.78,7.56,8.56,316592,-0.047972,-0.153634
2009-09-24,8.49,9.25,8.36,8.65,301963,-0.051416,-0.182731
2009-10-06,8.63,9.66,8.56,9.05,272339,-0.050747,-0.214811
2009-10-16,9.16,9.3,8.83,9.01,231293,-0.043109,-0.237177
2009-10-28,8.99,9.05,8.54,8.56,147771,-0.043055,-0.240549
2009-11-09,8.4,9.08,8.05,8.87,247890,-0.039372,-0.248969
2009-11-19,8.94,9.08,8.52,8.56,216704,-0.006519,-0.244772
2009-12-01,8.49,8.7,8.05,8.47,234399,0.021389,-0.236381
2009-12-11,8.56,8.56,7.96,8.18,162924,0.057243,-0.219369
2009-12-23,8.09,8.18,7.87,8.11,160910,0.082204,-0.201504
2010-01-05,8.14,8.45,8.11,8.4,190170,0.080457,-0.192773
2010-01-15,8.4,8.56,8.25,8.32,180231,0.086579,-0.181569
2010-01-27,8.25,8.32,7.62,7.67,175947,0.096986,-0.15326
2010-02-06,7.71,7.85,7.35,7.53,155227,0.1033,-0.12517
2010-02-26,7.6,8.14,7.51,7.94,142452,0.088685,-0.112262
2010-03-10,7.94,8.25,7.89,8.18,101692,0.068752,-0.107124
2010-03-22,8.14,8.25,7.91,8.11,124566,0.06145,-0.099985
2010-04-01,8.16,8.34,7.96,8.32,142137,0.047865,-0.098805
2010-04-14,8.34,8.4,8.25,8.34,121762,0.02107,-0.097336
2010-04-26,8.38,8.4,7.96,8.23,144293,0.000715,-0.092175
2010-05-06,8.27,8.32,7.82,7.82,119581,0.005682,-0.076087
2010-05-18,7.73,7.96,7.69,7.8,106347,0.015286,-0.061834
2010-05-28,7.76,7.8,7.31,7.51,96560,0.027019,-0.041986
2010-06-09,7.58,7.58,7.15,7.31,87882,0.044519,-0.020268
2010-06-22,7.53,7.96,7.33,7.89,140055,0.042626,-0.018139
2010-07-02,7.89,8.2,7.67,8.05,207399,0.03383,-0.020514
2010-07-14,8.2,8.61,8.09,8.61,208525,0.003646,-0.037174
2010-07-26,8.58,8.7,8.45,8.54,243325,-0.01681,-0.048268
2010-08-05,8.58,9.05,8.45,8.96,213021,-0.047926,-0.067881
2010-08-17,9.03,9.21,8.91,9.02,199532,-0.075201,-0.084492
2010-08-27,9.02,9.45,8.79,9.12,240100,-0.081464,-0.099586
2010-09-08,9.17,9.4,9.1,9.38,153844,-0.086379,-0.11758
2010-09-20,9.4,10.01,9.26,9.82,205362,-0.084976,-0.142521
2010-10-01,9.92,10.11,9.73,9.89,149653,-0.085284,-0.162875
2010-10-13,9.92,10.27,9.8,9.87,139443,-0.072997,-0.176924
2010-10-25,9.96,10.22,9.61,9.8,117797,-0.059387,-0.18443
2010-11-04,9.85,10.18,9.8,10.06,109707,-0.052062,-0.19543
2010-11-16,10.15,10.22,9.45,9.73,172514,-0.031542,-0.19334
2010-11-26,9.64,9.66,9.35,9.59,159197,-0.002325,-0.185853
2010-12-08,9.73,10.25,9.47,10.01,171204,0.010267,-0.189089
2010-12-20,10.11,10.22,9.8,10.04,127446,0.017826,-0.190464
2010-12-30,10.06,10.72,10.04,10.46,239597,0.011134,-0.200761
2011-01-11,10.46,10.76,10.06,10.41,280244,0.01347,-0.205536
2011-01-21,10.41,10.6,10.13,10.46,228662,0.005771,-0.208504
2011-02-10,10.62,11.19,10.39,10.39,398289,-0.001533,-0.206784
2011-02-22,10.39,10.86,9.99,10.48,262850,0.001143,-0.205599
2011-03-07,10.43,10.6,10.01,10.36,158746,0.006599,-0.199241
2011-03-17,10.39,10.67,9.64,9.92,248607,0.030816,-0.180246
2011-03-29,9.94,10.74,9.89,10.69,137913,0.027855,-0.183669
2011-04-12,10.69,11.12,10.67,10.72,175007,0.025554,-0.185253
2011-04-22,10.72,11.54,10.55,11.45,207189,0.004254,-0.20406
2011-05-05,11.56,12.15,11.09,11.87,333419,-0.018919,-0.228194
2011-05-17,11.75,11.87,11.21,11.4,252043,-0.026687,-0.232546
2011-05-27,11.35,11.75,11.21,11.4,295659,-0.042076,-0.233549
2011-06-09,11.4,11.7,11.35,11.63,220927,-0.03921,-0.238006
2011-06-21,11.7,11.87,10.88,11.23,290462,-0.025991,-0.22834
2011-07-01,11.33,12.24,11.07,12.2,299257,-0.021644,-0.24408
2011-07-13,12.27,12.43,11.96,12.24,197295,-0.008976,-0.255165
2011-07-25,12.22,12.74,12.08,12.53,178256,-0.017809,-0.269082
2011-08-04,12.6,13.89,12.55,13.26,304991,-0.041075,-0.296886
2011-08-16,12.48,13.02,11.33,12.13,487786,-0.024335,-0.285799
2011-08-26,12.08,12.98,11.42,12.43,324786,-0.028465,-0.281871
2011-09-07,12.63,13.18,11.09,11.59,378808,0.012358,-0.253245
2011-09-20,11.69,12.04,10.37,10.82,403237,0.060509,-0.206987
2011-09-30,11.02,11.22,9.45,10.62,433328,0.105128,-0.16232
2011-10-13,10.35,11.32,9.7,11.12,325590,0.139972,-0.138124
2011-10-25,10.94,11.44,10.64,11.34,264496,0.129385,-0.12312
2011-11-04,11.19,11.91,10.92,11.27,375452,0.127552,-0.107897
2011-11-16,11.19,11.27,9.85,9.85,318468,0.137015,-0.056563
2011-11-28,9.62,10.2,9.48,9.72,392448,0.125274,-0.011306
2011-12-08,9.9,10.49,9.6,10.17,294976,0.098429,0.013085
2011-12-20,9.97,10.37,8.75,8.78,304914,0.12191,0.069676
2011-12-30,9.38,10.3,9.28,10.05,301242,0.11078,0.080368
2012-01-11,10.05,10.4,9.67,10.17,289203,0.095668,0.084876
2012-02-01,10.27,10.69,9.43,10.42,484077,0.042835,0.0809
2012-02-10,10.67,11.44,10.45,11.41,385958,-0.02259,0.050375
2012-02-22,11.44,11.49,10.42,10.94,281216,-0.04688,0.037917
2012-03-06,10.92,11.39,10.2,10.35,324924,-0.082161,0.043294
2012-03-16,10.15,11.17,10.1,10.74,232826,-0.084453,0.036717
2012-03-28,10.74,11.02,10.52,10.59,162496,-0.077651,0.035059
2012-04-10,10.54,10.74,10.22,10.45,219940,-0.061658,0.037097
2012-04-20,10.35,11.09,10.3,10.72,218240,-0.031623,0.031116
2012-05-03,10.67,11.49,10.64,11.19,231920,-0.031798,0.013419
2012-05-15,11.19,11.29,10.54,10.79,161870,-0.035689,0.009775
2012-05-25,10.79,10.84,9.77,9.87,193954,-0.006429,0.031346
2012-06-06,9.95,10.47,9.55,10.02,195407,0.007482,0.044304
2012-06-18,10.3,10.94,10.15,10.82,186147,-0.005141,0.032833
2012-06-28,10.77,10.84,10.25,10.69,200073,-0.004511,0.026757
2012-07-10,10.74,11.44,10.67,11.14,247345,-0.003478,0.009565
2012-07-20,11.19,11.64,11.12,11.51,208414,-0.02099,-0.014221
2012-08-01,11.39,12.19,11.32,12.06,241709,-0.067999,-0.047855
2012-08-14,11.99,12.4,11.8,11.88,375662,-0.092101,-0.069509
2012-08-24,11.96,12.35,11.85,12.06,213283,-0.092362,-0.090948
2012-09-05,12.09,12.14,11.43,11.46,206672,-0.079158,-0.091129
2012-09-17,11.51,12.46,11.43,12.27,211479,-0.076414,-0.111958
2012-09-27,11.98,12.14,11.67,11.93,210689,-0.05573,-0.118377
2012-10-09,11.93,11.93,11.62,11.67,155115,-0.020343,-0.115308
2012-10-22,11.57,11.64,11.33,11.49,154521,0.005418,-0.106801
2012-11-01,11.49,11.54,10.86,11.02,123672,0.039166,-0.086267
2012-11-13,11.15,11.3,10.89,10.89,120937,0.051149,-0.065398
2012-11-23,10.89,11.46,10.73,11.46,125840,0.064204,-0.063199
2012-12-05,11.51,11.98,11.51,11.96,171795,0.052001,-0.074128
2012-12-17,11.96,12.04,11.57,11.88,185221,0.03776,-0.079963
2012-12-26,11.85,12.14,11.67,11.91,113470,0.021689,-0.084591
2013-01-09,11.91,12.09,11.7,11.98,138489,-0.003163,-0.089269
2013-01-21,12.04,12.38,11.93,12.04,180474,-0.025364,-0.093672
2013-01-31,12.09,12.64,11.98,12.64,144407,-0.041332,-0.112244
2013-02-21,12.64,13.55,12.56,13.03,328738,-0.049134,-0.136369
2013-03-05,12.95,13.19,12.64,13.14,222285,-0.058061,-0.157203
2013-03-15,13.32,13.4,12.95,13.21,214581,-0.064008,-0.174106
2013-03-27,13.08,13.08,12.51,12.74,187881,-0.053874,-0.173235
2013-04-10,12.74,12.77,12.17,12.35,166861,-0.034639,-0.160256
2013-04-22,12.32,12.38,11.8,12.17,181878,-0.001503,-0.143318
2013-05-03,12.04,12.32,11.8,12.25,248582,0.029582,-0.130337
2013-05-15,12.32,12.48,12.19,12.38,172594,0.050605,-0.122007
2013-05-27,12.46,12.87,12.27,12.53,194907,0.062512,-0.118031
2013-06-06,12.46,12.64,11.98,11.98,195870,0.071433,-0.098874
2013-06-19,11.98,12.27,11.83,11.85,130404,0.069914,-0.078973
2013-07-01,11.83,12.09,11.51,12.04,221309,0.058355,-0.067246
2013-07-11,12.09,12.98,11.83,12.95,232831,0.028947,-0.081451
2013-07-23,12.95,13.32,12.72,13.16,213414,0.005348,-0.09759
2013-08-02,13.16,13.42,13.0,13.42,181691,-0.014255,-0.116443
2013-08-14,13.42,13.53,12.6,12.7,418202,-0.023871,-0.111069
2013-08-27,12.6,12.76,12.49,12.6,247715,-0.030885,-0.102897
2013-09-06,12.54,12.92,12.32,12.79,187496,-0.035159,-0.100322
2013-09-17,12.79,13.23,12.68,13.2,174894,-0.025471,-0.108146
2013-10-01,13.25,13.58,13.2,13.36,202667,-0.016753,-0.117543
2013-10-14,13.31,13.91,13.12,13.75,156377,-0.013223,-0.134251
2013-10-24,13.75,13.91,13.42,13.66,111623,-0.025387,-0.143812
2013-11-05,13.58,13.91,13.36,13.42,141593,-0.030137,-0.143525
2013-11-15,13.42,13.42,13.01,13.03,97177,-0.019003,-0.131332
2013-11-27,13.03,13.5,12.98,13.44,116992,-0.010598,-0.13111
2013-12-09,13.42,13.64,13.31,13.5,111724,-0.001961,-0.131134
2013-12-19,13.44,13.88,13.28,13.42,223790,0.015446,-0.127611
2013-12-31,13.39,13.85,13.36,13.75,144213,0.017511,-0.132244
2014-01-13,13.69,13.94,13.42,13.5,168715,0.018808,-0.127862
2014-01-23,13.47,13.69,13.44,13.55,136724,0.00881,-0.124316
2014-02-12,13.53,13.55,13.09,13.28,216300,0.017649,-0.112923
2014-02-24,13.31,13.31,13.03,13.14,196520,0.028304,-0.098833
2014-03-07,13.14,13.28,12.98,13.25,224527,0.030718,-0.089415
2014-03-19,13.14,13.2,12.54,12.73,199201,0.051948,-0.067001
2014-03-31,12.68,12.92,12.38,12.92,204523,0.0554,-0.053385
2014-04-11,12.79,13.06,12.68,13.06,141144,0.054403,-0.045635
2014-04-23,13.06,13.09,12.84,12.84,136204,0.051206,-0.033048
2014-05-06,12.84,12.92,12.57,12.84,114333,0.044369,-0.022599
2014-05-16,12.79,13.01,12.7,13.01,114759,0.037001,-0.01852
2014-05-28,12.95,13.61,12.76,13.61,152744,0.004191,-0.031094
2014-06-10,13.61,13.72,13.42,13.69,200443,-0.016726,-0.042986
2014-06-20,13.61,13.69,13.47,13.47,193155,-0.022697,-0.046183
2014-07-02,13.47,13.72,13.44,13.58,144488,-0.034279,-0.051194
2014-07-14,13.61,13.99,13.42,13.88,158503,-0.048878,-0.062688
2014-07-25,13.96,14.65,13.94,14.57,184488,-0.070524,-0.089687
2014-08-06,14.57,14.79,13.72,14.21,204393,-0.061448,-0.100758
2014-08-18,14.24,14.58,14.07,14.21,363304,-0.051598,-0.108562
2014-08-28,14.35,15.07,14.3,14.81,200867,-0.062857,-0.129703
2014-09-10,14.78,14.9,14.5,14.67,115484,-0.063451,-0.14153
2014-09-22,14.7,14.72,14.27,14.41,128931,-0.049031,-0.142552
2014-10-02,14.41,14.44,14.01,14.07,124432,-0.013039,-0.132756
2014-10-15,14.12,14.55,13.98,14.01,121200,0.005836,-0.121874
2014-10-27,13.87,14.15,13.67,14.15,108530,0.015847,-0.115585
2014-11-06,14.24,14.47,14.18,14.21,91418,0.035477,-0.110909
2014-11-18,14.21,14.5,14.1,14.3,80835,0.043177,-0.108378
2014-11-28,14.35,14.44,14.18,14.41,100362,0.03884,-0.10813
2014-12-10,14.18,14.24,13.49,13.72,228304,0.043151,-0.088325
2014-12-22,13.72,13.84,13.58,13.78,108646,0.042345,-0.073099
2014-12-31,13.81,14.01,13.75,13.98,49043,0.039333,-0.065451
2015-01-14,13.87,13.95,13.52,13.61,128896,0.046483,-0.048723
2015-01-26,13.61,13.89,13.47,13.78,116029,0.048579,-0.039329
2015-02-05,13.81,14.15,13.69,14.15,118360,0.042729,-0.041267
2015-02-25,14.1,14.41,13.84,14.35,138423,0.016342,-0.047727
2015-03-10,14.24,14.32,14.01,14.07,134950,0.005201,-0.044912
2015-03-20,14.01,14.87,13.95,14.7,176493,-0.013119,-0.059018
2015-04-01,14.7,14.87,14.32,14.75,153065,-0.035893,-0.071039
2015-04-15,14.81,15.1,14.75,14.87,151329,-0.050114,-0.083131
2015-04-27,14.98,16.24,14.87,16.01,287831,-0.077413,-0.122422
2015-05-08,16.12,16.3,15.35,15.55,261963,-0.079354,-0.14033
2015-05-20,15.72,16.12,15.32,15.78,224222,-0.090994,-0.159344
2015-06-01,15.64,15.84,15.21,15.67,156834,-0.079523,-0.16995
2015-06-11,15.72,15.92,15.21,15.67,203660,-0.068246,-0.17664
2015-06-24,15.72,16.18,15.67,16.07,185807,-0.065232,-0.190812
2015-07-06,16.12,16.18,15.72,15.84,145243,-0.028907,-0.19399
2015-07-17,15.92,15.98,14.58,15.44,180441,-0.003701,-0.183769
2015-07-29,15.67,15.7,14.72,14.92,116940,0.032248,-0.159701
2015-08-10,14.92,15.78,14.9,15.27,151695,0.046206,-0.148046
2015-08-20,15.41,15.44,13.67,13.94,208490,0.086743,-0.101552
2015-09-01,13.55,14.79,12.82,14.24,250838,0.116013,-0.071192
2015-09-11,14.18,14.61,13.97,14.52,131282,0.122015,-0.053565
2015-09-23,14.55,14.7,13.91,13.91,119244,0.128398,-0.022542
2015-10-07,13.94,14.03,13.21,13.91,177140,0.117518,0.002584
2015-10-20,13.94,14.27,13.64,14.24,179735,0.107426,0.013887
2015-10-30,14.18,14.67,13.97,14.36,200347,0.063135,0.019596
2015-11-11,13.85,14.21,13.64,13.7,180985,0.052853,0.041613
2015-11-23,13.64,13.85,13.42,13.64,118453,0.052345,0.060434
2015-12-03,13.61,13.82,13.39,13.52,147649,0.039069,0.078092
2015-12-15,13.46,13.55,12.79,12.82,180909,0.045323,0.110138
2015-12-25,12.91,13.18,12.67,13.0,153717,0.052283,0.129853
2016-01-07,13.0,13.06,12.09,12.12,146330,0.079818,0.167807
2016-01-19,12.18,12.39,11.64,12.12,212784,0.081872,0.196457
2016-01-29,12.0,12.91,11.55,12.82,175035,0.063294,0.198621
2016-02-18,12.85,13.24,12.64,13.18,213866,0.037089,0.188606
2016-03-02,13.15,13.36,12.97,13.21,155186,0.000107,0.177754
2016-03-14,13.21,13.94,13.21,13.82,209271,-0.03655,0.150838
2016-03-24,13.85,13.94,13.49,13.91,149094,-0.084958,0.125227
2016-04-07,13.91,14.0,13.36,13.52,175974,-0.108227,0.113773
2016-04-19,13.36,14.0,13.33,13.94,156772,-0.115604,0.092138
2016-04-29,13.97,14.24,13.76,13.88,196951,-0.108121,0.075403
2016-05-12,14.0,14.06,13.61,13.88,174273,-0.099487,0.061172
2016-05-24,13.85,14.24,13.73,14.09,175087,-0.081427,0.043488
2016-06-03,14.15,14.76,14.09,14.7,141336,-0.07897,0.012528
2016-06-16,14.67,15.03,14.39,14.39,130394,-0.077239,-0.004152
2016-06-28,14.46,14.88,14.06,14.58,140976,-0.068688,-0.022567
2016-07-11,14.58,14.85,14.39,14.58,146841,-0.062373,-0.037098
2016-07-21,14.67,15.21,14.55,15.21,179894,-0.071377,-0.065201
2016-08-02,15.12,15.21,15.03,15.09,125391,-0.068252,-0.083838
2016-08-12,14.97,15.88,14.94,15.76,206683,-0.065823,-0.115805
2016-08-24,15.82,15.82,13.96,13.96,404222,-0.027045,-0.092081
2016-09-05,13.86,14.28,13.54,14.18,297552,0.000583,-0.077947
2016-09-14,14.21,14.57,14.05,14.05,233583,0.023399,-0.062301
2016-09-30,14.09,14.54,14.05,14.18,183863,0.051044,-0.05256
2016-10-13,14.21,14.21,13.89,13.93,152221,0.07267,-0.0375
2016-10-25,13.93,14.15,13.83,14.15,91787,0.097101,-0.030901
2016-11-04,14.12,14.21,13.76,14.09,120130,0.070812,-0.023673
2016-11-16,14.12,15.31,14.12,14.83,294756,0.037966,-0.037408
2016-11-28,14.79,14.95,14.6,14.92,120422,0.008363,-0.050432
2016-12-08,14.86,15.12,14.63,15.12,120543,-0.014647,-0.065687
2016-12-20,15.08,15.31,14.92,14.99,119462,-0.033592,-0.073745
2016-12-30,14.99,14.99,14.63,14.79,93096,-0.036324,-0.074072
2017-01-12,14.73,15.37,14.66,15.37,105528,-0.052649,-0.089051
2017-01-24,15.37,15.4,14.89,14.99,116418,-0.036389,-0.089953
2017-02-13,15.02,15.37,14.86,15.37,147630,-0.030813,-0.099875
2017-02-22,15.37,15.73,15.18,15.53,129902,-0.025145,-0.111043
2017-03-08,15.53,15.6,15.21,15.37,111834,-0.019783,-0.114536
2017-03-20,15.34,15.6,15.24,15.6,107939,-0.02572,-0.122263
2017-03-30,15.6,15.95,15.37,15.89,128659,-0.022443,-0.134907
2017-04-13,15.95,15.98,15.37,15.5,136702,-0.019331,-0.133179
2017-04-25,15.5,15.66,15.34,15.66,92396,-0.011409,-0.134647
2017-05-08,15.6,15.85,15.57,15.76,100880,-0.00405,-0.137057
2017-05-18,15.76,16.05,15.63,15.82,82245,-0.003936,-0.13913
2017-06-01,15.82,15.95,15.57,15.6,138822,0.006954,-0.133421
2017-06-12,15.63,15.98,15.6,15.82,133590,0.016233,-0.133298
2017-06-22,15.89,16.08,15.76,15.98,94087,0.00938,-0.136052
2017-07-04,15.92,16.47,15.82,16.4,113935,-0.001929,-0.148035
2017-07-14,16.4,16.53,16.21,16.37,109565,-0.006866,-0.155262
2017-07-26,16.4,16.56,16.27,16.4,79918,-0.009515,-0.160201
2017-08-07,16.47,16.85,16.34,16.85,145380,-0.027132,-0.174481
2017-08-17,16.95,16.98,16.17,16.37,198960,-0.022404,-0.171235
2017-08-29,16.34,16.61,16.2,16.34,71571,-0.013969,-0.165998
2017-09-08,16.37,16.51,16.17,16.31,107000,0.003103,-0.15922
2017-09-20,16.34,16.34,16.1,16.24,97252,0.016176,-0.150208
2017-09-30,16.2,16.27,16.03,16.17,80664,0.027509,-0.139502
2017-10-16,16.17,16.41,16.17,16.34,57069,0.041616,-0.133967
2017-10-26,16.34,16.48,16.17,16.24,77646,0.041654,-0.12542
2017-11-07,16.24,16.27,16.0,16.1,99005,0.043308,-0.11348
2017-11-17,16.1,16.17,16.0,16.03,50623,0.044411,-0.100817
2017-11-29,16.03,16.41,16.0,16.03,110894,0.042475,-0.089582
2017-12-11,16.1,16.27,15.9,16.0,122311,0.039128,-0.078809
2017-12-21,16.0,16.2,15.93,16.07,99242,0.038187,-0.071196
2018-01-03,16.07,16.68,16.07,16.68,74258,0.019701,-0.080639
2018-01-15,16.61,17.7,16.58,17.67,147981,-0.020878,-0.113821
2018-01-25,17.63,17.77,17.05,17.43,179094,-0.045317,-0.132803
2018-02-06,17.36,17.5,16.24,16.34,109479,-0.035743,-0.117465
2018-02-26,16.48,17.16,16.14,17.02,124856,-0.044958,-0.122087
2018-03-09,17.09,17.19,16.68,16.99,104113,-0.048089,-0.123687
2018-03-21,17.12,17.46,17.09,17.26,119831,-0.041085,-0.130866
2018-03-31,17.26,17.43,17.02,17.16,123816,-0.009151,-0.132552
2018-04-16,17.22,17.5,17.12,17.46,101598,0.001019,-0.140508
2018-04-26,17.43,17.74,17.16,17.67,130775,-0.022693,-0.151002
2018-05-09,17.63,17.91,17.57,17.8,119453,-0.025995,-0.16128
2018-05-21,17.8,18.45,17.74,18.38,129038,-0.042258,-0.183308
2018-05-31,18.31,18.48,17.77,17.87,195121,-0.034297,-0.185381
2018-06-12,17.87,18.72,17.84,18.21,176271,-0.03827,-0.194151
2018-06-25,18.38,18.38,17.91,18.08,174147,-0.029959,-0.195634
2018-07-05,18.14,18.35,17.87,18.04,146156,-0.017356,-0.193662
2018-07-17,17.94,18.45,17.8,18.35,110376,-0.012227,-0.198297
2018-07-27,18.38,18.62,18.25,18.55,104280,0.000775,-0.205242
2018-08-08,18.59,18.72,18.48,18.62,235376,-0.003765,-0.21049
2018-08-20,18.8,18.98,18.22,18.37,186298,0.007129,-0.205763
2018-08-30,18.48,18.8,18.4,18.58,96828,0.006645,-0.205386
2018-09-11,18.58,18.76,18.37,18.73,96593,0.001618,-0.206898
2018-09-21,18.73,19.59,18.58,19.56,191663,-0.014393,-0.22809
2018-10-04,19.59,19.99,19.45,19.66,209531,-0.023105,-0.245323
2018-10-17,19.63,20.02,18.91,19.2,307467,-0.016159,-0.244224
2018-10-29,19.2,19.2,17.97,18.22,250599,0.006568,-0.214526
2018-11-08,18.33,19.23,18.15,19.23,153154,0.003598,-0.215416
2018-11-20,19.2,19.2,18.84,18.94,143981,0.011867,-0.206072
2018-11-30,18.87,19.16,18.4,18.44,200206,0.049157,-0.183003
2018-12-12,18.62,18.76,18.4,18.51,102820,0.075337,-0.164413
2018-12-22,18.51,18.58,18.37,18.44,100825,0.082957,-0.145872
2019-01-04,18.4,18.69,18.15,18.19,120307,0.069045,-0.122754
2019-01-16,18.4,18.87,18.33,18.73,115972,0.068653,-0.117336
2019-01-28,18.73,19.16,18.69,19.09,129843,0.051263,-0.121361
2019-02-18,19.05,19.41,18.98,19.23,174292,0.022383,-0.127035
2019-03-04,19.23,19.63,19.2,19.45,164346,-0.00235,-0.13611
2019-03-14,19.45,19.81,19.34,19.66,111411,-0.026628,-0.147549
2019-03-26,19.66,20.31,19.66,20.17,123364,-0.06143,-0.168782
2019-04-09,20.17,20.31,20.06,20.31,121806,-0.075302,-0.187753
2019-04-19,20.24,20.39,20.2,20.28,102419,-0.074132,-0.200159
2019-05-02,20.28,21.75,20.13,21.68,167390,-0.101531,-0.245404
2019-05-14,21.68,22.15,21.07,21.25,195393,-0.103209,-0.267574
2019-05-24,21.29,22.15,21.25,21.97,175329,-0.114092,-0.301747
2019-06-05,22.01,22.4,21.68,22.26,171172,-0.113912,-0.333686
2019-06-18,22.26,23.09,21.72,22.19,238126,-0.106071,-0.353864
2019-06-28,22.22,22.69,22.19,22.26,253548,-0.100325,-0.368137
2019-07-10,22.26,22.83,22.22,22.76,129641,-0.072404,-0.389018
2019-07-22,22.76,23.09,22.73,22.98,124369,-0.066213,-0.407489
2019-08-01,23.05,23.41,22.8,22.8,146733,-0.038785,-0.413134
2019-08-14,22.55,22.76,21.49,21.49,284271,0.019824,-0.378217
2019-08-26,21.26,21.75,21.14,21.3,160342,0.064074,-0.341084
2019-09-05,21.34,21.91,21.22,21.75,126370,0.085107,-0.319681
2019-09-18,21.83,22.55,21.79,22.52,121720,0.091676,-0.319683
2019-10-01,22.48,22.52,21.87,21.91,167757,0.113947,-0.299955
2019-10-15,21.91,22.44,21.79,22.21,122766,0.115714,-0.288944
2019-10-25,22.25,22.48,22.06,22.44,122933,0.077554,-0.283171
2019-11-06,22.48,23.62,22.4,23.35,161991,0.02226,-0.299843
2019-11-18,23.43,23.43,22.97,23.39,108558,-0.008004,-0.311079
2019-11-28,23.32,23.43,23.09,23.35,133675,-0.010145,-0.315695
2019-12-10,23.35,23.35,22.86,23.01,97198,-0.017861,-0.306931
2019-12-20,22.94,23.39,22.86,23.28,150725,-0.022233,-0.303837
2020-01-02,23.28,23.58,23.28,23.32,73811,-0.020303,-0.299176
2020-01-14,23.39,24.42,23.24,24.38,143132,-0.022012,-0.320579
2020-02-04,24.38,24.69,23.43,24.23,210906,-0.018185,-0.330308
2020-02-14,24.27,24.65,24.04,24.61,125802,-0.025019,-0.344739
2020-02-26,24.57,25.75,24.54,24.65,187243,-0.038352,-0.353698
2020-03-10,24.61,25.11,23.7,23.89,247674,-0.022438,-0.336781
2020-03-20,23.85,23.96,20.12,21.3,498230,0.052082,-0.250357
2020-04-01,20.23,22.02,19.96,21.37,261498,0.127642,-0.180227
2020-04-15,22.14,22.44,21.37,22.25,216543,0.15405,-0.145576
2020-04-27,21.94,22.44,21.34,21.87,196997,0.187341,-0.106063
2020-05-08,22.14,23.35,21.87,22.86,229139,0.18404,-0.099704
2020-05-20,23.09,23.47,22.86,23.47,175435,0.144682,-0.109847
2020-06-01,23.47,23.66,22.94,23.39,139396,0.053362,-0.11467
2020-06-11,23.39,24.46,23.39,24.23,159010,-0.03147,-0.139771
2020-06-23,23.62,24.38,23.54,23.74,162398,-0.058697,-0.14531
2020-07-07,23.81,24.46,23.51,24.38,165122,-0.101032,-0.165311
2020-07-17,24.34,24.61,24.31,24.57,172559,-0.109819,-0.184666
2020-07-29,24.54,24.99,23.77,24.54,195879,-0.098242,-0.197415
2020-08-10,24.61,24.84,24.23,24.76,175946,-0.094776,-0.211413
2020-08-20,24.69,24.76,23.6,23.64,334648,-0.043378,-0.190433
2020-09-01,23.85,23.97,23.32,23.36,222376,-0.010632,-0.16408
2020-09-11,23.48,23.48,22.96,23.04,200183,0.035868,-0.132631
2020-09-23,23.04,23.12,22.12,22.12,229505,0.094657,-0.081387
2020-10-07,21.96,22.6,21.71,22.48,190200,0.12511,-0.049038
2020-10-20,22.52,22.76,22.24,22.28,114629,0.153883,-0.017217
2020-10-30,22.32,22.4,22.04,22.16,115648,0.146962,0.011701
2020-11-11,22.24,23.89,22.16,23.89,139990,0.090662,-0.011485
2020-11-23,23.89,23.93,23.32,23.89,141371,0.04067,-0.029961
2020-12-03,23.89,23.89,22.88,23.48,160555,-0.008149,-0.033498
2020-12-15,23.48,23.64,23.0,23.36,162652,-0.031398,-0.032768
2020-12-25,23.32,23.85,23.32,23.6,121643,-0.057733,-0.038249
2021-01-07,23.6,24.13,23.52,23.93,165789,-0.085883,-0.051061
2021-01-19,23.93,24.17,23.32,23.4,174316,-0.050136,-0.04662
2021-01-29,23.36,23.36,22.64,22.64,204886,-0.005313,-0.022238
2021-02-19,22.68,23.77,22.64,23.44,168059,-0.00198,-0.023833
2021-03-04,23.44,23.97,23.36,23.81,224109,-0.011219,-0.034751
2021-03-16,23.68,25.29,23.6,25.21,245106,-0.04517,-0.08057
2021-03-26,25.21,25.49,24.77,25.41,173132,-0.06525,-0.121809
2021-04-09,25.41,25.74,25.33,25.37,129481,-0.089706,-0.152516
2021-04-21,25.33,26.18,25.25,25.98,203023,-0.137658,-0.191826
2021-05-04,25.86,26.38,25.82,25.82,163786,-0.145774,-0.217029
2021-05-14,25.82,26.54,24.17,25.49,243563,-0.131434,-0.2261
2021-05-26,24.97,26.5,24.77,26.34,155138,-0.104967,-0.253686
2021-06-07,26.22,26.7,26.1,26.62,205680,-0.085467,-0.280587
2021-06-18,26.66,26.7,26.22,26.34,133108,-0.06379,-0.291678
2021-06-30,26.34,26.54,26.14,26.42,114316,-0.034168,-0.299593
2021-07-12,26.3,26.46,26.14,26.38,98701,-0.015053,-0.301669
2021-07-22,26.38,26.62,26.3,26.58,115779,-0.01366,-0.305456
2021-08-03,26.58,26.66,26.42,26.62,109651,0.006946,-0.306295
2021-08-13,26.58,26.74,25.85,26.23,264482,0.037451,-0.293265
2021-08-25,26.23,26.99,26.06,26.56,156539,0.043825,-0.2885
2021-09-06,26.52,27.7,26.35,27.45,124022,0.028049,-0.305389
2021-09-16,27.45,27.45,27.2,27.32,86598,0.018255,-0.312195
2021-09-30,27.32,27.45,26.94,27.07,122600,0.02154,-0.30763
2021-10-13,27.03,27.45,26.9,27.45,120504,0.015277,-0.310839
2021-10-25,27.45,27.96,27.24,27.96,108283,-0.010988,-0.323724
2021-11-04,27.96,28.29,27.91,28.25,102974,-0.028535,-0.338352
2021-11-16,28.21,28.89,28.17,28.89,106028,-0.034437,-0.363579
2021-11-26,28.76,29.35,28.59,28.63,113415,-0.034737,-0.372975
2021-12-08,28.55,29.81,28.34,29.73,166177,-0.066268,-0.405934
2021-12-20,29.73,30.41,29.52,30.41,134231,-0.094354,-0.446212
2021-12-30,30.36,30.36,29.86,30.03,94524,-0.090979,-0.463587
2022-01-12,30.07,31.25,29.73,31.25,149089,-0.108545,-0.505187
2022-01-24,31.25,31.97,30.7,31.17,158241,-0.101365,-0.531014
2022-02-14,30.74,33.02,30.66,32.48,188847,-0.131204,-0.581078
2022-02-24,32.35,32.43,31.46,31.84,162715,-0.107965,-0.59791
2022-03-09,31.72,32.26,31.25,31.59,182328,-0.066652,-0.598332
2022-03-21,31.67,34.46,31.67,34.29,180937,-0.108889,-0.664463
2022-03-31,34.21,36.32,34.16,36.23,171523,-0.153609,-0.762275
2022-04-14,36.11,38.35,35.94,36.4,214428,-0.187847,-0.837127
2022-04-26,36.23,36.95,34.33,35.43,222836,-0.153544,-0.862279
2022-05-09,35.09,35.43,32.1,32.1,186687,-0.061339,-0.784195
2022-05-19,31.76,32.48,30.62,30.91,211285,0.028364,-0.681355
2022-05-31,31.08,32.73,30.87,32.73,190137,0.112714,-0.64024
2022-06-13,32.69,32.69,30.24,30.83,159349,0.261709,-0.549609
2022-06-23,30.66,31.25,29.22,29.86,323661,0.389046,-0.445097
2022-07-05,30.62,31.0,29.65,30.03,133994,0.443595,-0.361049
2022-07-15,30.19,30.24,28.17,28.63,108637,0.426044,-0.252336
2022-07-27,28.63,29.73,28.46,29.69,100895,0.349793,-0.190777
2022-08-08,29.77,30.49,29.56,30.41,123578,0.313189,-0.158609
2022-08-18,30.45,32.43,30.45,32.43,200899,0.186254,-0.18512
2022-08-30,32.25,32.38,31.58,31.89,106912,0.080913,-0.189967
2022-09-12,31.89,32.29,31.35,31.98,113371,0.005648,-0.194229
2022-09-22,31.98,32.03,30.23,30.27,141858,-0.040867,-0.149849
2022-10-04,30.41,30.63,27.48,27.62,215610,0.015215,-0.041792
2022-10-17,27.75,28.2,26.09,26.31,166465,0.103245,0.080358
2022-10-27,26.54,27.44,25.55,26.72,168200,0.201998,0.166518
2022-11-08,26.85,27.35,25.91,27.35,137323,0.23987,0.217004
2022-11-18,27.35,28.25,26.94,27.17,172790,0.267638,0.259993
2022-11-30,27.17,28.79,27.03,28.79,178622,0.201815,0.24838
2022-12-12,28.92,28.92,27.57,28.02,128421,0.105231,0.256997
2022-12-22,27.89,28.16,27.26,27.75,125841,0.008975,0.268379
2023-01-04,27.39,27.71,27.03,27.35,76381,-0.040707,0.285334
2023-01-16,27.53,28.79,27.48,28.79,106578,-0.094511,0.25738
2023-02-07,28.74,30.18,28.65,29.01,158774,-0.140216,0.226321
2023-02-17,29.15,30.68,28.79,30.14,126928,-0.157857,0.168774
2023-03-03,30.14,30.68,29.33,29.51,126826,-0.170032,0.137653
2023-03-15,29.55,30.27,28.79,28.79,135835,-0.163967,0.130468
2023-03-27,28.61,29.91,28.34,29.73,92832,-0.187635,0.098176
2023-04-11,29.73,29.87,29.37,29.82,78789,-0.16793,0.068817
2023-04-21,29.82,31.04,29.73,30.63,96017,-0.163905,0.022873
2023-05-04,30.54,31.04,30.27,30.86,66723,-0.135698,-0.020374
2023-05-16,30.95,31.67,30.72,31.62,95352,-0.145415,-0.075168
2023-05-26,31.58,32.61,31.53,32.52,184707,-0.187465,-0.14238
2023-06-07,32.29,33.28,32.03,33.28,217818,-0.208752,-0.215092
2023-06-19,33.28,34.18,32.83,33.28,195514,-0.216843,-0.271116
2023-07-03,33.15,34.81,33.15,34.45,214181,-0.226031,-0.34444
2023-07-13,34.59,34.81,33.06,34.27,139528,-0.21745,-0.394758
2023-07-25,34.36,35.53,34.32,35.22,189268,-0.210668,-0.4563
2023-08-07,35.26,36.52,35.22,35.94,155129,-0.196521,-0.520036
2023-08-17,35.94,36.31,32.94,33.36,227790,-0.102214,-0.496615
2023-08-29,33.17,34.25,32.8,34.25,136312,-0.053608,-0.496314
2023-09-08,34.39,34.44,33.27,33.78,115163,0.021434,-0.478198
2023-09-20,33.88,35.56,33.69,35.42,126267,0.031192,-0.502401
2023-10-03,35.19,35.56,34.67,35.23,107623,0.064562,-0.511363
2023-10-17,34.77,36.45,34.44,36.26,159544,0.07948,-0.540622
2023-10-27,36.36,36.36,33.83,34.58,119411,0.066814,-0.51339
2023-11-08,34.49,36.22,33.97,36.12,107689,0.040701,-0.527232
2023-11-20,36.12,37.06,35.75,36.68,108672,-0.003445,-0.547669
2023-11-30,36.78,37.57,36.64,36.97,146412,-0.002753,-0.56596
2023-12-12,36.64,37.01,36.12,36.78,129981,-0.002193,-0.569498
2023-12-22,36.73,37.11,35.7,35.89,184898,0.043974,-0.542448
2024-01-04,35.89,36.78,35.75,36.26,90810,0.027094,-0.524842
2024-01-16,36.26,39.55,36.26,38.6,3532493640,-0.004657,-0.567673
2024-01-26,38.15,38.4,37.3,38.35,4787248500,-0.007939,-0.589274
2024-02-16,38.25,38.55,37.5,37.9,4245599700,0.007525,-0.588266
2024-02-29,38.1,38.85,38.05,38.7,3512428000,-0.00518,-0.602556
2024-03-12,38.6,40.1,38.4,39.95,5452103450,-0.065084,-0.640997
2024-03-22,39.65,41.0,39.65,40.1,6894471615,-0.101085,-0.668987
2024-04-03,39.9,40.85,39.75,39.75,3979574109,-0.060346,-0.674926
2024-04-17,39.7,40.65,38.95,39.0,4890074500,-0.017904,-0.652418
2024-04-29,39.2,40.5,38.0,40.1,9313652300,-0.024068,-0.656797
2024-05-10,40.0,41.2,39.8,40.95,6235507800,-0.029088,-0.676012
2024-05-22,40.95,41.2,40.45,40.55,4391740306,0.007305,-0.673501
2024-06-03,40.1,40.45,38.85,39.3,8817420600,0.066459,-0.63086
2024-06-14,39.0,39.6,38.85,39.55,5555896050,0.092844,-0.596594
2024-06-26,39.6,40.7,39.6,40.25,7173886950,0.074956,-0.581443
2024-07-08,39.85,42.8,39.8,42.1,10186788650,0.042537,-0.612537
2024-07-18,42.1,42.75,41.4,42.75,7036572503,0.02313,-0.648307
2024-08-01,42.4,43.35,41.6,43.3,7826688050,-0.013902,-0.684772
2024-08-13,42.5,43.0,37.65,38.7,12895321000,0.039739,-0.583703
2024-08-23,39.0,39.4,38.2,39.05,6049063950,0.074727,-0.505748
2024-09-04,39.15,39.75,37.15,38.0,5694163400,0.139606,-0.409733
2024-09-16,38.15,39.35,38.0,39.35,4181908206,0.194529,-0.364429
2024-09-27,39.25,40.2,39.15,39.45,5476912720,0.242224,-0.326866
2024-10-14,39.65,39.75,38.65,38.9,3922166150,0.296714,-0.278533
2024-10-24,39.0,39.9,38.75,38.85,4560673778,0.220238,-0.235447
2024-11-06,39.0,39.45,38.6,39.0,3993771150,0.16513,-0.202379
2024-11-18,38.85,39.75,38.8,39.7,5344471500,0.080169,-0.192406
2024-11-28,39.5,40.55,39.15,39.85,7543816400,0.046146,-0.186359
2024-12-10,39.6,40.35,39.4,39.7,5544883152,0.026697,-0.175505
2024-12-20,23.7,39.8,23.55,38.6,7142200704,0.025264,-0.135509
2025-01-02,39.0,39.3,38.1,38.1,7058814088,0.034354,-0.088609
2025-01-14,38.3,38.95,38.1,38.9,4138575764,0.024552,-0.071431
2025-02-04,38.9,39.3,38.65,38.7,4392451154,0.038395,-0.05154
2025-02-14,39.1,39.25,38.4,38.8,3724116775,0.048559,-0.037708
2025-02-26,39.0,39.95,38.8,39.95,4632412493,0.02371,-0.056958
2025-03-11,39.9,40.2,39.1,39.5,5836473917,-0.010079,-0.059758
2025-03-21,39.5,40.15,39.3,39.7,4333439824,-0.050641,-0.066712
2025-04-02,39.85,40.4,39.5,39.5,5361432137,-0.054599,-0.066229
2025-04-16,35.55,39.8,35.55,37.5,11050456455,-0.013269,-0.011658
2025-04-28,37.55,37.85,37.1,37.3,3567758761,0.023711,0.037589
2025-05-09,37.3,39.2,37.3,38.95,5509307903,0.037657,0.032571
2025-05-22,39.45,41.3,39.0,40.0,8053066589,0.011007,0.000123
2025-06-04,39.7,40.65,38.9,39.85,9311914513,4.2e-05,-0.021895
2025-06-16,39.5,40.95,39.5,40.75,4610121665,-0.033981,-0.063387
2025-06-26,40.8,41.55,24.6,40.95,5881668834,-0.109855,-0.101338
2025-07-08,40.8,42.35,40.55,42.35,15143186282,-0.199531,-0.16813
2025-07-18,42.05,42.6,41.45,42.2,6080078580,-0.215977,-0.215898
2025-07-30,42.2,43.2,42.05,42.85,6276551966,-0.213058,-0.269285
2025-08-11,42.5,43.2,40.25,40.85,8833151363,-0.161852,-0.255752
2025-08-21,41.2,43.0,41.2,41.55,5165210828,-0.116662,-0.260879
2025-09-02,41.4,41.8,39.95,41.1,6577281086,-0.066129,-0.250169
2025-09-12,41.0,41.7,40.85,41.55,3475954971,-0.00584,-0.250934
2025-09-24,41.75,41.8,40.2,40.4,5080642342,0.061172,-0.218116
2025-10-08,42.05,42.5,41.4,41.95,4730358761,0.086152,-0.230902
2025-10-21,41.95,42.25,23.55,41.8,3783618995,0.057897,-0.234678
2025-11-02,41.6,41.95,40.2,40.2,5767779628,0.091097,-0.192416
2025-11-12,40.45,41.0,40.05,40.2,4971635114,0.101929,-0.156458
2025-11-24,23.7,40.35,23.55,40.35,7244565076,0.114382,-0.129953
2025-12-04,40.05,40.7,39.45,40.55,5092393594,0.088411,-0.112649
2025-12-16,40.4,41.7,40.2,40.35,4578902283,0.109421,-0.092217
2025-12-29,40.55,41.2,40.2,40.35,7637529014,0.118252,-0.074841
2026-01-12,40.35,40.85,23.55,40.3,4215253726,0.08484,-0.058766
2026-01-22,40.6,41.1,39.75,39.75,6104973325,0.072049,-0.030537
2026-02-03,39.8,39.9,38.4,38.9,7543382294,0.085007,0.01516
2026-02-24,39.1,40.95,23.55,40.8,6078916390,0.051762,0.000852
2026-03-09,40.8,40.95,37.85,39.2,7337478504,0.060117,0.032146
2026-03-19,39.5,39.65,38.6,38.95,5745934228,0.070606,0.063589
2026-03-31,39.15,39.5,37.9,38.45,8540161126,0.087131,0.101499
2026-04-14,38.95,39.9,38.65,39.35,7518026849,0.062336,0.106759
2026-04-24,39.3,40.0,39.05,39.55,8529775142,0.018141,0.104489
2026-05-07,39.35,40.45,38.7,39.65,7640966741,0.028999,0.098876
2026-05-19,40.0,41.4,39.1,40.65,7936084114,-0.025841,0.066579
2026-05-29,41.0,41.0,39.4,40.0,13783651056,-0.054873,0.057339
